reconciliation	0.553725317627
sr	0.409570937662
row	0.343576212901
json	0.301397119865
stock	0.297137232898
frappe	0.169916674904
item	0.164314607254
start	0.14863917058
db	0.138556227686
amendable	0.123962638929
len	0.117814461893
reco	0.104779610262
reload	0.100180178146
perm	0.0879570256567
doc	0.0852686103114
code	0.0830946156515
items	0.0803361523047
loads	0.077712152097
update	0.0773354873271
elif	0.0640594877766
doctype	0.0572669179059
valuation	0.055403076885
amend	0.0545568628957
false	0.0538332994863
append	0.0513055031967
column	0.0465873327185
warehouse	0.0465384887332
true	0.0457774587614
qty	0.0452305228926
rate	0.0446161824225
parent	0.0444876845239
execute	0.0438608885723
sql	0.0412682554307
tab	0.0401680761523
submit	0.0381515405224
def	0.0342844806991
set	0.0279811305365
import	0.0243652293386
