abfrageerweiterungen	0.696642943648
extend	0.414928934316
toolarea	0.392344373114
ui	0.303652384313
oct	0.251018832764
sub	0.121576253742
task	0.0954412794055
po	0.0782775125013
iteraplan	0.0579315481067
