integrationstests	0.285941969724
es	0.285550671264
test	0.273263280983
mocket	0.213835207915
apr	0.20426578527
ist	0.202096199005
sektion	0.198059041256
unit	0.190781976869
echten	0.188830575356
muss	0.186375258532
umgeschrieben	0.185322075454
gearbeitet	0.169545908795
verschoben	0.16512687958
integrationstest	0.159258638156
ihn	0.151453147922
ein	0.147547194229
weg	0.14198125513
welcher	0.131043028852
gepr	0.131043028852
liegt	0.127194818204
werden	0.126902344382
msk	0.126694573948
falls	0.123686318301
daher	0.122015094622
graphite	0.121615782671
alles	0.121418723454
ft	0.120085108709
instanz	0.118306063049
der	0.115061199258
spec	0.10801879241
er	0.105350130537
einer	0.0939377163275
habe	0.0912308948604
fix	0.089237481759
event	0.0824052748288
ich	0.0807362405776
auch	0.0775823785355
wird	0.0750418334792
osm	0.0746111880712
service	0.0723895008172
den	0.0699528151981
mit	0.0694072716995
das	0.067475175753
nicht	0.0655759267045
und	0.0619496288445
die	0.0565792194424
pm	0.0563959100444
monitor	0.0547565575508
speed	0.0543923866233
bug	0.0490121313709
open	0.0478292080017
