refaktorierung	0.38668865869
angefragten	0.38668865869
filterung	0.316523993209
berarbeiten	0.296254460137
ressourcen	0.294029141035
von	0.263390012867
filtern	0.254204952442
apr	0.246255869314
proxy	0.206331552351
requests	0.203594942482
secure	0.181712691421
box	0.153113219941
im	0.127928871622
http	0.125368399436
sub	0.125010186753
code	0.113348376062
der	0.104035395392
pm	0.101983480753
task	0.0981370275463
