registration	0.5406102574
register	0.412617775829
code	0.271346587912
token	0.228352231645
ui	0.218006379978
redirect	0.180413390036
springsecurity	0.165554335916
flash	0.158256587935
security	0.158149621019
success	0.131834933353
handler	0.130777585048
uri	0.129763761569
params	0.12170371133
user	0.118804232743
target	0.118112047648
plugin	0.118112047648
spring	0.117380337411
message	0.113429149205
url	0.112703537941
def	0.110324085809
errors	0.10970044659
bad	0.0987062377811
strategy	0.0968650898627
grails	0.0962701775873
return	0.0957154831813
default	0.0794525989937
controller	0.0663972236114
finish	0.0557715146955
import	0.0539232081657
verify	0.0512201739376
error	0.0498631081671
handled	0.0489458877743
password	0.0432545871898
command	0.042617771176
validation	0.0415290330448
handle	0.0406157803621
post	0.0396647072021
extends	0.0388124513333
reset	0.037764377745
complete	0.0345950620861
action	0.0324550442226
package	0.0313898037889
null	0.031083394685
save	0.0301598592069
string	0.0294521471331
osm	0.0269162152932
class	0.0267459905261
expected	0.0265531984835
list	0.0238975929681
iteratec	0.0202407386597
