requesthandler	0.446814451746
mimetypes	0.427531322593
testcase	0.345037082001
erstellen	0.235251695541
requesthandlers	0.223407225873
cckgabewerte	0.223407225873
http	0.217292690391
fehlerseiten	0.213765661297
timeouts	0.169873703943
fehlende	0.165330596864
gliche	0.162415233293
benutzt	0.15217163595
testcases	0.149905252888
implementieren	0.142530071373
funktion	0.130622123734
mock	0.123423738753
story	0.109172293684
secure	0.104983498698
box	0.0884603128197
des	0.0837739954523
eine	0.079719314107
nov	0.0771265571581
oct	0.0745604873972
den	0.0730841498826
code	0.0654863950212
die	0.0591119048213
pm	0.0294601949241
