darzustellende	0.504244811154
benutzerdefinierte	0.403783649177
messgr	0.362604434233
nov	0.34815943036
gespeichert	0.308310981486
dashboards	0.267406298201
wird	0.176956150114
mit	0.163669289787
nicht	0.154634595022
die	0.133419459317
monitor	0.129121440248
speed	0.128262688771
bug	0.115575508675
open	0.112786057037
pm	0.0664935987098
