kompassgenauigkeit	0.44787818508
tunen	0.428549148488
genauigkeit	0.428549148488
verbessern	0.345858513457
eamv	0.276389741493
ggf	0.263333116962
testen	0.240803464545
app	0.22716674614
nov	0.154620345454
und	0.129753596724
task	0.113666208715
pm	0.0590606619063
