sinnvollerweise	0.467249247804
dokumentieren	0.380242279766
umsetzung	0.336669097007
vorgang	0.308187938528
deployment	0.287113394709
aktuellen	0.280512430793
wiki	0.240361636174
nach	0.197531839943
feb	0.16786867444
von	0.166309001917
jan	0.162529104765
im	0.161552996822
monitor	0.125044561465
speed	0.124212924197
task	0.123930827328
open	0.109224951445
pm	0.0643941306333
