benutzeroberfl	0.549993162024
allgemeine	0.44041751362
verbesserungen	0.436079219114
che	0.347108336142
epic	0.278391774841
oct	0.183556096117
der	0.147971125577
monitor	0.140836172502
speed	0.139899509537
open	0.123018737665
pm	0.0725263280847
