representation	0.472477407152
rest	0.350957927356
groups	0.32761566881
attributes	0.263726236131
add	0.224646384613
responsibility	0.21992566277
user	0.216887273469
handler	0.198954708915
mwe	0.191549493571
presentation	0.189536991631
interface	0.162954734484
todos	0.139575605551
iteratec	0.13856698914
ic	0.122950275495
dec	0.122352080659
nov	0.121545292932
changelog	0.111098750147
iteraplan	0.108470528817
todo	0.0935822186243
commit	0.091008544805
cs	0.0892865962207
look	0.0872941935281
available	0.0779211702114
currently	0.0768087166006
added	0.0747642774408
fisheye	0.0729976067292
thunderduck	0.0723572878146
pm	0.06964037072
iteraweb	0.0663031248874
review	0.0637509650112
feature	0.055026595125
https	0.0535449226871
code	0.0516006636315
new	0.042515034911
