sicherheitsabfrage	0.582037882866
einbauen	0.4568412778
oct	0.419447211268
dashboard	0.257900005064
im	0.207894465433
result	0.206783793477
pm	0.165731167213
monitor	0.160913587321
speed	0.159843394946
task	0.159480378606
open	0.140556123002
