integrationstests	0.589301761896
epic	0.446136908706
unit	0.39318521592
dec	0.306301404374
und	0.255345694527
monitor	0.225697094212
speed	0.224196044405
open	0.197143753137
