einzelergebnisseite	0.510406676759
unerschiedlichen	0.25520333838
uhrzeitauswahl	0.25520333838
uhrzeiten	0.244189551974
abgelehnt	0.230313822108
derselbe	0.217546953939
zeitauswahl	0.214347573349
ltige	0.204358940288
fehlerhaft	0.19405073484
bei	0.187768428917
ung	0.179890569499
wird	0.179118552167
ltig	0.176691188909
ausgew	0.150048590874
hlt	0.141604890362
auswahl	0.140587417872
bis	0.13829055683
der	0.137320708105
bug	0.116987840019
tag	0.116923523304
png	0.107605302605
diese	0.100542559016
als	0.0965520058807
mar	0.0855119111544
jan	0.0849394824326
mit	0.0828346632824
monitor	0.0653496513573
speed	0.0649150286525
open	0.0570821506576
pm	0.0336530748483
