merkmalsgruppen	0.497666259207
merkmale	0.429221421217
visualisierung	0.393069673294
gui	0.299957738757
der	0.253303413607
offen	0.226894144946
darstellung	0.195552298763
dargestellt	0.195552298763
eam	0.188586094947
sollen	0.164084400053
wie	0.128538459346
auf	0.101486438393
sub	0.101457479674
werden	0.093123767276
und	0.0909200353621
die	0.0830381832533
task	0.079647393034
pm	0.0413845751069
