unterschiedliche	0.468434949183
viewports	0.316417816707
applikationslandschaften	0.316417816707
beantworten	0.281894666009
sichten	0.259768947988
hub	0.229945824717
fragen	0.214036887976
visualisierung	0.207090246176
eam	0.198714596834
crud	0.191613780801
benutzer	0.188692461771
chte	0.184305306814
story	0.161597791726
haben	0.141736002789
um	0.135373403179
nnen	0.131121324015
als	0.125110901152
ich	0.124856027329
zu	0.109897115419
auf	0.10693702892
die	0.0874979627294
pm	0.0436072402888
