angebotsschreiben	0.660987525013
ein	0.278947757029
bewerber	0.220329175004
zu	0.216112588336
die	0.212076384463
sie	0.157661273436
gibt	0.126952658118
erstellen	0.117684127716
resources	0.114969314628
human	0.113587478578
img	0.112308847165
und	0.110327281256
der	0.103378187145
den	0.102571644768
es	0.0954796820765
docs	0.0839581021785
span	0.0826381862164
offer	0.0780199413915
url	0.0754564115898
stellenbezeichnung	0.0734430583348
personalwesen	0.0734430583348
druckformat	0.0734430583348
auswahl	0.0734430583348
abteilung	0.0734430583348
letter	0.0707311783734
base	0.0698384422889
urlaubstage	0.069764635105
dokumente	0.069764635105
datensatz	0.069764635105
bezeichnung	0.069764635105
anmerkung	0.069764635105
versenden	0.067154752289
neues	0.067154752289
neu	0.067154752289
wieder	0.0651303699036
nur	0.0651303699036
gehen	0.0651303699036
rang	0.0634763290592
erstellt	0.0634763290592
erh	0.0620778574516
kann	0.0608664462432
zum	0.0588420638579
werden	0.0588420638579
screenshot	0.0585685207208
einen	0.0579773996181
alt	0.0576169205487
einem	0.0571880230134
png	0.056649859575
nach	0.0557895514058
nnen	0.0545781401975
src	0.0537545250046
um	0.0535095997836
ch	0.0535095997836
beigetragen	0.0535095997836
lt	0.0530190961158
cwt	0.0530190961158
connector	0.0530190961158
class	0.0528165639067
dem	0.0525537578121
gmb	0.0516890935724
von	0.0508997169676
contributed	0.0508997169676
assets	0.0506618074571
das	0.0505293754267
technology	0.0400912617905
muted	0.0400912617905
wire	0.0398644472781
job	0.0393210448718
applicant	0.0387092102923
manual	0.0343350233278
erp	0.0290093269584
html	0.0277178734147
text	0.0265616791021
print	0.0231366099685
user	0.0191333195183
