infrastructure	0.380563824726
associations	0.311444622795
component	0.256206081836
linux	0.255671743342
technical	0.246370140162
element	0.213874673339
release	0.188328842206
partial	0.180255118433
ql	0.175403537676
export	0.158087829355
itera	0.153368053617
transitivity	0.152413377954
bloc	0.152413377954
information	0.1442418028
uses	0.1291924562
developed	0.120845696692
components	0.112530854102
sql	0.10880924945
base	0.108457851739
contains	0.10205339525
enterprise	0.0983564268006
extension	0.0977871550901
make	0.0968795268049
code	0.0893525501354
hierarchy	0.0872572868127
views	0.0850728048457
links	0.0783678785016
red	0.0780333804845
mar	0.0766045576662
richness	0.076206688977
possibily	0.076206688977
eckigen	0.076206688977
view	0.0749429751007
reports	0.0732633035063
experiment	0.0705843715041
hat	0.0692412573512
joins	0.0687743895512
klammern	0.0672955266153
involved	0.0631520720783
interesting	0.0610239595652
java	0.0607724466945
ausdruck	0.0598632271895
possibilities	0.0563961050246
jvm	0.0557197726525
filter	0.0554204308649
extract	0.0539749419698
import	0.0532696157873
machine	0.0532256752248
cover	0.0532256752248
extensions	0.0529905489203
linked	0.0509520648278
liefert	0.0509520648278
focus	0.0507737875517
limited	0.0494732018919
mit	0.0494707903224
explicit	0.0493243667154
didn	0.0491782134003
virtual	0.0474849426629
data	0.0460340049791
plan	0.0456047326563
corresponding	0.0431326021737
reactor	0.0430641520668
ergebnisse	0.0421619687365
beispiel	0.0419216166466
mass	0.0416881821326
sample	0.0415174118349
running	0.0414612781193
verwendet	0.0408681622577
want	0.0406628021867
tam	0.0405620395302
seite	0.0378256661373
question	0.0369140849499
correctly	0.0350913393602
download	0.0343136145487
aber	0.0330698779173
keine	0.0328347516128
field	0.0324022977344
using	0.0321855020355
sfe	0.0313398107934
wie	0.0312123222823
model	0.0308868973965
select	0.0305302997735
query	0.0304291782025
example	0.0304148346275
pm	0.0301476002355
click	0.0300642489643
save	0.0297942976096
like	0.0295330418687
kann	0.0289983112027
possible	0.0288907169857
als	0.0288315534153
used	0.0283954809437
elements	0.0278135453589
support	0.027679471405
check	0.0276183307421
feb	0.0261971996481
update	0.0257094663139
es	0.0254411696329
result	0.0250768971049
auf	0.0246434214205
add	0.0243125838061
list	0.0236079350424
improvement	0.0235155853974
iteraplan	0.023478666945
type	0.0234242753577
werden	0.0226127577003
der	0.020502781349
