konfigurationsparameter	0.532326425836
nmap	0.426226808217
definieren	0.378942916217
prozess	0.332254158111
eingabefeld	0.23363587157
mar	0.186413585934
im	0.184053649708
chte	0.155033282038
parameter	0.135690558771
secure	0.130716716368
alle	0.117288282143
nnen	0.11029616867
box	0.11014342029
als	0.105240342558
ich	0.105025948703
ein	0.0959685758306
user	0.0856800994615
code	0.0815382096242
die	0.073601224881
pm	0.0733627663735
bug	0.0637575586669
