bedienungsanleitung	0.344146958961
berblick	0.298055898794
insbesondere	0.28517490842
abschlie	0.282533690463
installations	0.269652700089
aufr	0.26617007516
technischer	0.260031761482
entwicklung	0.258639518012
umen	0.254743024444
dokumentation	0.235684536689
getting	0.224671354611
eamv	0.221955146471
started	0.203247876556
wiki	0.177035546936
en	0.157805687451
jan	0.119708907848
und	0.104198796998
task	0.0912797988377
pm	0.0474287424464
