transformation	0.496141687772
load	0.333952050377
satisfied	0.3085487329
rank	0.298151189355
csi	0.286600675371
time	0.262132102885
percent	0.211758075438
nkuhn	0.193564867136
enum	0.18498381072
users	0.184116594891
measured	0.170222415659
mapping	0.169981501956
method	0.164494958852
package	0.151505571953
created	0.150464569233
osm	0.129913414567
iteratec	0.0976936558128
