reconciliation	0.602420770363
payment	0.485132180867
closing	0.320688524673
period	0.284736683576
tool	0.274726323098
voucher	0.269971820562
bank	0.263553670419
