schnittstellendialog	0.390775258049
darstellungsfehler	0.390775258049
ftsobjekte	0.312920740507
zuordnung	0.284090429273
gesch	0.242306445818
anhang	0.240026787817
design	0.220132588768
folgenden	0.207485055071
small	0.206731076472
errors	0.185235809796
siehe	0.183348178684
interface	0.180868370724
gibt	0.178401895964
dialog	0.175247536533
bei	0.143758417757
nov	0.134906783602
es	0.130458097076
oct	0.130418313862
der	0.105134861256
bug	0.0895677024882
po	0.0813390858472
iteraplan	0.06019735444
