configuration	0.38633887723
infrastructure	0.379127213736
metamodel	0.335095850904
lsd	0.309979103724
does	0.261416027004
elements	0.249376954504
attributable	0.243162687462
default	0.234579826402
apr	0.217564592837
association	0.205722622122
account	0.196584072034
landscape	0.16620925843
new	0.165019086606
work	0.131938879182
client	0.120509277258
update	0.115255864158
information	0.107772972455
bug	0.0783046293706
po	0.0711107552575
iteraplan	0.0526275811209
