ftsbedingungen	0.48708275213
gesch	0.48032534859
die	0.322326309896
allgemeinen	0.259803826412
der	0.171403986457
allgemeine	0.154229009697
und	0.152438152449
vorlage	0.148459329378
auch	0.140327421698
zu	0.119440280996
werden	0.0975618222292
als	0.0975618222292
img	0.0931056379018
sie	0.0871356312301
spezifikationen	0.0811804586884
inhalt	0.0811804586884
eingef	0.0811804586884
zeile	0.0771145048485
sind	0.0719920088189
fu	0.0719920088189
zur	0.0701637108492
ausw	0.0686179069414
hlen	0.0672788706896
diese	0.0672788706896
sich	0.0650412148195
erstellen	0.0650412148195
eine	0.0632129168498
nach	0.061667112942
html	0.0612760342147
nnen	0.0603280766903
firma	0.0603280766903
terms	0.0594504258953
den	0.0566889053878
im	0.0540244669802
es	0.0527693464988
screenshot	0.0485541399482
alt	0.0477652498181
png	0.0469635424627
docs	0.0464016436678
span	0.0456721575485
gt	0.0448360171107
src	0.0445632687628
assets	0.0419993617566
url	0.0417029617416
zuletzt	0.0405902293442
suchen	0.0405902293442
steht	0.0405902293442
sowohl	0.0405902293442
ltige	0.0405902293442
gung	0.0405902293442
erscheinen	0.0405902293442
einzelheiten	0.0405902293442
druckformat	0.0405902293442
bestandteil	0.0405902293442
bearbeitung	0.0405902293442
auswahl	0.0405902293442
setup	0.0397449372495
class	0.03892060944
base	0.0385980438971
sonst	0.0385572524243
regeln	0.0385572524243
immer	0.0385572524243
glichkeit	0.0385572524243
folgt	0.0385572524243
erlaubt	0.0385572524243
bearbeiten	0.0385572524243
print	0.03836116004
vertrieb	0.0371148323445
verf	0.0371148323445
transaktion	0.0371148323445
sollten	0.0371148323445
neu	0.0371148323445
lieferanten	0.0371148323445
ihren	0.0371148323445
finden	0.0371148323445
dies	0.0371148323445
gehen	0.0359960044094
wo	0.0350818554246
verwenden	0.0350818554246
ende	0.0350818554246
einstellungen	0.0350818554246
abschnitt	0.0350818554246
ihnen	0.0343089534707
denen	0.0343089534707
transaktionen	0.0336394353448
standards	0.0336394353448
kann	0.0336394353448
nicht	0.0330488785046
kunden	0.0330488785046
einer	0.0330488785046
bei	0.0325206074097
neue	0.0320427280758
ein	0.030833556471
um	0.0295734815049
beigetragen	0.0295734815049
cwt	0.0293023918088
connector	0.0293023918088
dokument	0.02904521041
gmb	0.0285673310762
des	0.0285673310762
von	0.0281310614252
ge	0.0281310614252
contributed	0.0281310614252
mit	0.027540504585
da	0.0263846732494
technology	0.022157485645
muted	0.022157485645
wire	0.0220321306654
erp	0.0160327641721
text	0.014680007491
