skripterstellung	0.484292423666
auflistung	0.419716088644
verwendeten	0.380429956652
variablen	0.343009987899
nov	0.334383161951
fehlt	0.308970461635
bei	0.178161516431
der	0.130294883621
pm	0.127725046902
monitor	0.124012253298
speed	0.12318748163
bug	0.111002318665
open	0.108323242421
