classification	0.703359198259
tree	0.573774840837
customer	0.419604897787
