resultsbetween	0.41262901749
nken	0.378339084793
einschr	0.366837487242
sst	0.29225476907
locations	0.27531531587
mehr	0.222925866409
function	0.21967392428
sich	0.211135181718
rest	0.207508216316
api	0.206637404249
auf	0.168290490214
jun	0.163816114122
nicht	0.15959412055
pm	0.137252435741
monitor	0.133262693886
speed	0.132376400061
bug	0.119282309767
open	0.116403393307
