userspezifischen	0.536382169911
gerendert	0.439055613581
fehlermeldungen	0.378091033711
speichern	0.310253566032
dashboards	0.284449075735
html	0.230836779088
wird	0.188234210204
von	0.18267629973
jun	0.168841533597
nicht	0.16449002109
pm	0.0707314779889
monitor	0.0686754100094
speed	0.068218668591
bug	0.0614707784397
open	0.0599871616636
