classification	0.839679182823
supplier	0.543082746856
