transformation	0.518674244765
files	0.283325262669
timestamp	0.270172980612
reactor	0.263950368409
changed	0.201370467388
highlight	0.200363295546
returned	0.186731296941
extend	0.17178575314
file	0.160049326402
successive	0.155696270683
filelist	0.155696270683
parameter	0.151897467536
flagged	0.140511497289
transformations	0.137490063776
request	0.129058798589
highlights	0.124676758092
newer	0.11928385687
xsl	0.110818452746
flag	0.105641778311
executing	0.0967770294734
list	0.0964657432036
appropriate	0.0960815986109
sets	0.0954141794056
optional	0.0947726023667
checks	0.0945641467415
possibility	0.0900576602039
know	0.0889881275932
started	0.0879834561365
resource	0.0861402245005
want	0.0830773091046
contain	0.0827694611742
response	0.0758815044519
according	0.0743447745243
given	0.0737442739099
implementation	0.0696385705656
rest	0.0620814487391
start	0.0613118451059
possible	0.0590260113962
server	0.0555971472931
client	0.0549206450491
time	0.0548073962916
result	0.05123407685
jul	0.049317591631
improvement	0.0480441939998
iteraplan	0.0479687666925
user	0.047956874245
use	0.0467340895622
po	0.032407866328
pm	0.0205313076394
