skalierbarkeit	0.49538030465
hochverf	0.49538030465
gbarkeit	0.49538030465
epic	0.250748212442
secure	0.232789057584
box	0.196150758073
apr	0.157737115921
jul	0.156914250159
code	0.145208688704
und	0.143515309332
pm	0.130649313419
