produktwebsite	0.566041057465
marketing	0.458090608434
ausbauen	0.448803293149
epic	0.286514788731
secure	0.265993950676
box	0.224129585856
jul	0.179296405727
code	0.165921169929
pm	0.0746425269944
