infrastructure	0.519600027556
query	0.373916297995
components	0.307286353003
technical	0.252284748247
tb	0.239143990868
receive	0.213455476613
associated	0.200847287209
jul	0.197746886999
define	0.192627380969
association	0.187964138422
extend	0.172200713735
filtering	0.152672048979
attached	0.138080577928
log	0.128041409213
select	0.125052962785
message	0.114744384837
filter	0.113501818356
reproduce	0.111462892242
file	0.10695729122
error	0.100882563482
bug	0.0715451807987
po	0.0649722996267
iteraplan	0.0480846386294
pm	0.0411618049203
