clusterdiagram	0.344286458344
elements	0.328308768086
nesting	0.27403166707
directly	0.189222393055
outer	0.18250050142
oct	0.180128318899
hyperlinked	0.172143229172
diagram	0.170866286199
inner	0.163577417417
types	0.152304166253
concerns	0.151105905815
corners	0.140088259563
possible	0.136409444827
colouring	0.134881001676
new	0.130350167621
choosing	0.128700214974
come	0.126815186321
aug	0.125800502296
kgo	0.11576017616
relationships	0.113542113079
colour	0.113542113079
configurations	0.112101660016
selecting	0.109031259099
vsh	0.104616962265
executed	0.104616962265
possibility	0.10406188001
chosen	0.102826032066
basic	0.102319861708
included	0.100876995564
features	0.0995352720217
relationship	0.0956403455045
output	0.0949481377182
kvo	0.0941709703133
exists	0.0918190746211
loaded	0.0897246998586
svg	0.0892982012274
look	0.0892140296767
metamodel	0.0882318145393
execute	0.0877589757763
additional	0.0876039223223
reports	0.0864793919999
revision	0.0859055963527
include	0.083895115515
title	0.0821918603771
cluster	0.0816750644764
implementation	0.0804675644235
issue	0.074642221745
sfe	0.0739865021941
saved	0.0739865021941
case	0.0732792674062
created	0.0727033143078
fixed	0.0723867947552
select	0.0720754220907
pm	0.0711719514096
save	0.0703378804676
like	0.0697211122754
configuration	0.0678161787106
attributes	0.0673815728911
used	0.067035577432
element	0.0631139698502
sep	0.0624590589105
feature	0.0562367792413
iteraplan	0.0554280450157
po	0.0374473808178
