superordinated	0.52600170561
subordinated	0.362260649135
information	0.238867590268
export	0.235617222637
visio	0.230967763466
container	0.195731707585
behaviour	0.195090355793
based	0.188636816639
svg	0.187920399186
shows	0.181835525562
flow	0.181380182634
diagram	0.17978671613
systems	0.15791249335
informationflow	0.142905803844
deselect	0.141922744967
separately	0.140985426655
ones	0.120770183255
create	0.113305438394
probably	0.0973341947103
cases	0.0896603711151
different	0.079468529613
selected	0.0774540360516
case	0.077104964007
example	0.0755514502196
shown	0.0750591361249
dec	0.0657855307026
sep	0.0657198640171
sub	0.0611976024093
improvement	0.0584134880657
pm	0.0499250874632
po	0.0394023992367
iteraplan	0.0291608907075
