kuchendiagramm	0.344820592486
ulendiagramm	0.240248789333
etwas	0.201150043163
balken	0.171866511369
loop	0.170161105759
sep	0.166815891652
informationssysteme	0.164290518391
bsi	0.161793745832
oct	0.160362465979
merkmal	0.159519215688
ig	0.151227886363
und	0.139203674406
dem	0.133236770941
anzeigen	0.127875663158
zahlmerkmalen	0.120124394667
schm	0.120124394667
initializers	0.120124394667
groupbox	0.120124394667
immer	0.118691849765
ler	0.114940197495
das	0.113714874946
boxen	0.106077753895
trennen	0.104106813603
retested	0.104106813603
grauen	0.104106813603
indentation	0.100893556724
dashboard	0.0985999660437
fma	0.0983278206566
man	0.0982011804669
status	0.097906120191
aussehen	0.097215310294
voneinander	0.0952443700027
verbesserungen	0.0952443700027
pm	0.0950431590077
berschrift	0.0920311131228
vornehmen	0.0913398202595
genommen	0.0913398202595
rbe	0.09068399428
grafiken	0.0900601728315
bei	0.0883827343496
konfigurieren	0.0873294563667
bspw	0.0868469159517
spaces	0.0859332556847
formatting	0.0831686695221
default	0.0824819291668
rechts	0.0821452591956
wohl	0.0815058357885
arguments	0.0808968729162
neben	0.0803155999377
den	0.0785936017071
zeigt	0.0782234662894
mit	0.0779806710006
ranges	0.0777498638708
jedem	0.0777498638708
proper	0.0766373535081
jeweils	0.0766373535081
kunden	0.0756139431816
einzelnen	0.0746664132168
sste	0.0718866149128
pie	0.0710339121078
setzen	0.0708971642435
improvements	0.0702345391128
einfach	0.0684307358869
statt	0.0677749099074
werte	0.0674591950166
erst	0.0658039696161
rde	0.0651801481676
geben	0.0637032230989
schon	0.0629509000317
kvo	0.0628780462537
folgende	0.0604985790879
damit	0.0586488321536
unter	0.0575015777385
blocks	0.0574065155651
angezeigt	0.0561878983409
sry	0.0558900458566
sollten	0.0550359863957
correct	0.0535169287299
muss	0.0523492256733
bitte	0.0510756529828
script	0.0507058486855
function	0.0507058486855
chart	0.0494262012575
ok	0.0486391341378
ui	0.048496804615
java	0.0478977204599
noch	0.0466137860902
kann	0.0457099583559
ich	0.0453545144489
eine	0.0428644790379
wird	0.0421556155755
es	0.0401028458629
im	0.0397409593445
ticket	0.0393082937113
improvement	0.0370675527176
nicht	0.0368380332542
werden	0.0356444278968
code	0.0352115448821
der	0.0323184779655
die	0.0317840291714
po	0.0250036517125
iteraplan	0.0185046791313
