responsibility	0.678029917421
copied	0.471214828109
attribute	0.369786151156
values	0.262058618642
copying	0.25882913547
feb	0.124378376883
mar	0.121233702741
bug	0.0829292014977
po	0.0753104663006
iteraplan	0.0557356993347
