attributegroup	0.411453728707
mode	0.369175031031
order	0.33392127101
attributes	0.30820730213
attribute	0.18689858726
bbt	0.16588023698
edit	0.160507890051
reproduce	0.146924865052
allocating	0.137151242902
view	0.1348769028
jul	0.130330077133
sry	0.127624189514
losing	0.123775132254
changed	0.118256781895
bunch	0.116913968727
issue	0.113805979894
sight	0.113656495167
corresponds	0.112265146912
reporter	0.107737471912
presented	0.10591032689
accordance	0.10591032689
group	0.105752807785
jmi	0.102146509824
expand	0.100280384519
unable	0.0997078363302
looking	0.0966766945522
aug	0.095903157089
investigation	0.0957916898029
crm	0.0957916898029
requires	0.0885073630951
avoid	0.0865580574647
psc	0.0817442835263
reproduced	0.0807918953717
nightly	0.0752358988274
sample	0.0747200109554
described	0.0742217336576
navigate	0.0741240870892
ensure	0.0733655732322
switch	0.0716256464388
assigned	0.071462537395
bb	0.0702193945504
ff	0.0689367850294
closed	0.0672629235621
tab	0.0651698675898
groups	0.0638120947571
build	0.0583482832308
pages	0.0582167678589
ui	0.0553709098655
pm	0.0542574529655
changes	0.0524072583028
sep	0.0476152386437
change	0.0468593304642
data	0.041424323005
bug	0.0314357715007
open	0.0306770591636
po	0.0285477560073
iteraplan	0.0211275965169
