customizations	0.376265535515
release	0.298542160681
jsp	0.226956499484
scripts	0.193378146682
readme	0.185103822124
rc	0.17374151194
customization	0.166574030319
files	0.164873281266
update	0.163020375072
build	0.154181234089
security	0.123831415347
trunk	0.122671084025
spring	0.122545331624
isv	0.120804170615
jul	0.114796020372
process	0.112839130465
artefacts	0.109022360121
create	0.108460974976
incremental	0.106678040839
updated	0.105419514752
uniqa	0.102978979458
fbb	0.101464506641
apart	0.101464506641
combobox	0.100109764542
zeiss	0.0967362435225
pair	0.0940663838788
wacker	0.0932868629466
experienced	0.0925519110622
changes	0.0923216624145
stable	0.0899716556658
knows	0.0899716556658
fresh	0.0899716556658
customized	0.08687075597
extract	0.0855620180616
time	0.0850497192199
finally	0.0840015410548
extensions	0.0840015410548
change	0.0825483230413
svo	0.081059060087
localization	0.0807701005683
distribution	0.0802109621525
prepare	0.0799402541024
version	0.0798123681111
easier	0.0794153584697
initialization	0.078666127675
major	0.0779581603912
auth	0.0775069506762
turm	0.0768585028203
reflect	0.0766494224828
makes	0.074906557206
iteraplan	0.0744375835118
sets	0.0740315150611
accordingly	0.0717154244561
notes	0.0706319916917
navigation	0.0701226911579
servlet	0.0692772495931
txt	0.0690455648124
big	0.0690455648124
uses	0.0682660438802
installer	0.0682660438802
isc	0.067736826904
pdf	0.0669329303106
reviewed	0.0655489982847
affected	0.0645399978986
pm	0.0637206679428
guide	0.063088577469
container	0.0624543479973
task	0.0613173515847
windows	0.0612100955791
users	0.0597373024018
history	0.0596817595187
migration	0.0588761835472
new	0.0583516370058
checked	0.058118115868
necessary	0.0580691323518
according	0.057683840381
old	0.0574954390991
documentation	0.0573097585087
xml	0.0570813660485
implemented	0.0562486901938
step	0.0543578541931
instead	0.0532024673661
need	0.0529045816703
application	0.0520502201208
context	0.0497826661854
description	0.0495537315186
following	0.0477676169053
possible	0.045798067739
review	0.0437489134949
aug	0.0422362244277
file	0.0413938969094
user	0.0372095644491
po	0.0251451457122
