visualizations	0.440339311437
userdocumentation	0.34605686655
domain	0.331303493667
context	0.285215872612
semantics	0.277111635672
drawn	0.253025163379
contained	0.22465929769
visualization	0.198452319943
write	0.180108568447
flow	0.165789442731
documentation	0.164170122201
include	0.161374507101
available	0.153179806912
pages	0.146891211772
block	0.127404600443
building	0.126113738342
dec	0.120261721171
jul	0.109615285907
diagram	0.109555296302
information	0.109167727427
pm	0.0912674395695
task	0.0878251572213
po	0.0720310423869
iteraplan	0.0533086663574
