systematically	0.428964040858
stupid	0.428964040858
permissions	0.368356998341
automatic	0.314542660265
automatically	0.262604159089
permission	0.22189586189
tested	0.211497639083
step	0.201725377676
release	0.184651421
steps	0.182878722492
tests	0.169959477772
job	0.157542350446
aug	0.156741255716
create	0.134168474607
task	0.113776252669
po	0.0933151996301
iteraplan	0.0690606255069
pm	0.0591178404542
