skripteditierung	0.460386192368
verwendeten	0.409539899824
variablen	0.369256609861
mar	0.349381129235
bersicht	0.340553300833
anzeigen	0.277495457324
im	0.172479038082
feature	0.162967276732
code	0.152821006106
der	0.140264857309
monitor	0.133501489314
speed	0.132613607325
new	0.125912923449
open	0.1166119783
pm	0.0687491902239
