vergleichszeitraum	0.36809778077
umgekehrt	0.344425804899
erlauben	0.338777372577
genauso	0.318240194127
nur	0.311729598291
funktionieren	0.237345425402
ausgew	0.233664808699
measurand	0.229874177869
hlt	0.220515763756
gui	0.18992306695
dies	0.177989655531
sollte	0.161473231079
wenn	0.150356666812
ein	0.137110112242
auf	0.128515541644
ist	0.125200313812
der	0.106922087048
monitor	0.101766459078
speed	0.101089638119
task	0.100860055968
open	0.0888918032207
pm	0.0524066187542
