mitarbeiterportal	0.592915043576
fabian	0.248169982095
nachinstalliert	0.197638347859
funktioniert	0.182414163919
habe	0.168641296349
unbenannt	0.165998221392
nntet	0.165998221392
hotfix	0.163781832762
portal	0.158262676284
ngte	0.151417014002
ich	0.149241814346
wollte	0.146260560226
ansehen	0.139981391396
ehi	0.136835806612
anmelden	0.136259435336
euch	0.133593056594
gru	0.131679352836
den	0.129308535845
hinweis	0.125063597056
das	0.124728592521
erhalten	0.121117228417
gerade	0.119776887535
angeh	0.117795543089
hi	0.116870724468
dabei	0.113148768407
mich	0.112587768879
ihr	0.107967609713
fehlermeldung	0.107673391832
infrastruktur	0.107097020556
mal	0.100657983788
danke	0.0999378467241
wieder	0.0923741544782
hallo	0.089293378201
png	0.0833332916517
nicht	0.0606089050516
und	0.0572572796346
die	0.0522936496884
task	0.0501582851013
