wopenspeedmonitor	0.380523149235
solte	0.380523149235
neue	0.372902229023
bilder	0.311477215577
berarbeitet	0.304711168852
berarbeiten	0.291530867567
website	0.281602885214
neuer	0.231625131132
screenshots	0.225897657538
story	0.185950050808
com	0.146893846111
text	0.132283543562
werden	0.112912368829
monitor	0.097440163964
speed	0.0967921160136
open	0.0851128354011
