administration	0.552181951033
test	0.264779743092
cases	0.261698671001
jun	0.260884116085
testlink	0.20199362853
creative	0.194734757157
tips	0.192099729497
smoke	0.191271370477
naba	0.190465709104
progressive	0.182205830465
examples	0.171300778488
progress	0.155382749384
ff	0.138858575524
issues	0.131270916924
documentation	0.131059370683
iteraplan	0.127671226124
note	0.125856758486
technical	0.11164169424
doc	0.11131677601
pm	0.109290165289
ip	0.107437472911
work	0.10669182787
browser	0.105519088373
date	0.104647771272
display	0.101864713058
speedbird	0.0917540495575
sub	0.0893110915099
https	0.084030762478
use	0.0829233815754
task	0.0701120866654
