administration	0.348389860389
groups	0.324390384696
naba	0.32045631181
jun	0.292622968001
attribute	0.237525914371
test	0.222744399275
issues	0.220861771305
cases	0.220152465526
testlink	0.169925950221
creative	0.163819467434
tips	0.161602765937
smoke	0.16090591379
progressive	0.153279581652
view	0.152366693188
examples	0.14410577091
progress	0.130714822686
pm	0.12258627708
ff	0.116813958757
firefox	0.112284682763
documentation	0.110252923623
tested	0.109639949578
iteraplan	0.10740266697
note	0.105876256757
technical	0.0939179176893
doc	0.0936445821421
single	0.0927984227923
ip	0.0903811412594
work	0.0897538717613
browser	0.0887673115664
date	0.0880343211877
display	0.085693089858
speedbird	0.0771875537419
ticket	0.076049514264
sub	0.0751324296738
list	0.0719960007708
https	0.0706903839778
use	0.0697588063162
task	0.0589813799341
