administration	0.357696187464
naba	0.329016466941
jun	0.300439627896
test	0.228694435339
issues	0.226761517869
cases	0.226033264835
attributes	0.178736887241
testlink	0.174465079085
creative	0.168195477527
tips	0.165919562626
smoke	0.16520409589
progressive	0.157374046167
view	0.156436772267
viewpage	0.155381071983
examples	0.147955180981
iteraplan	0.14702886571
progress	0.134206528478
testing	0.133387186793
pm	0.125860849962
ff	0.1199343392
firefox	0.115284075403
documentation	0.113198043114
tested	0.112568695065
note	0.108704465
pages	0.101283945582
action	0.100388790739
technical	0.096426690072
doc	0.0961460530782
single	0.0952772907868
following	0.0943504369693
ip	0.0927954378781
work	0.0921514125103
browser	0.0911384989312
date	0.090385928625
id	0.0814462388708
speedbird	0.0792494180579
ticket	0.0780809788216
sub	0.0771393967068
list	0.0739191862805
https	0.0725786933379
use	0.0716222310071
page	0.0692080423782
task	0.0605569137695
