kontinuierliche	0.503396002582
juli	0.464581742828
audi	0.384667308376
messung	0.372621686323
jul	0.33329030539
report	0.214182759009
pm	0.138751418447
monitor	0.134718103201
speed	0.133822129845
task	0.13351820975
open	0.117674676199
