configuration	0.37664358483
mapping	0.260663868933
csi	0.219748737424
kopiert	0.209975134146
page	0.20700590741
man	0.175035118951
scht	0.163439509685
hlt	0.158405528674
der	0.153613051849
gel	0.152519528244
schen	0.152139696801
wird	0.150277484479
mappings	0.144356787064
es	0.1429597152
andern	0.142740902635
dieses	0.133738744117
wieder	0.133431293402
schende	0.128819642665
nomen	0.128819642665
ewig	0.128819642665
einem	0.126125172153
verschwunden	0.118288616035
ruft	0.118288616035
nacheinander	0.118288616035
hinterher	0.118288616035
dass	0.116985379193
die	0.113304571296
erkannt	0.113176573191
ph	0.111147822745
spinner	0.104367356065
dauert	0.0996957226053
feb	0.0981386798051
weg	0.09477640615
hinzugef	0.0929510464243
erscheint	0.0923882761651
lange	0.0905681293609
beschrieben	0.0903250352165
das	0.0900830839442
ist	0.0899365268122
entfernen	0.0889428955416
einzelnen	0.0887242865917
gerade	0.0865068000554
sondern	0.0833053028056
und	0.082706173837
scheint	0.0819959999051
gt	0.0749776614169
nun	0.0721783935319
seite	0.0708503387257
eines	0.0696909837781
tab	0.0678258944468
wurde	0.064490608942
aber	0.0619423870436
alle	0.0601860387862
wie	0.0584630445924
sind	0.0582863791147
aus	0.0573498156524
browser	0.0545202754562
als	0.0540036841136
bei	0.052511529042
auch	0.0517883787646
eine	0.0509348200738
zu	0.0474367065652
mit	0.0463312693378
auf	0.0461589955525
nicht	0.0437737408174
werden	0.0423554085412
monitor	0.0365515133181
speed	0.0363084191737
bug	0.0327169503102
open	0.0319273163154
pm	0.0188229131749
