unterschiedliche	0.477278317098
applikationslandschaften	0.32239132311
beantworten	0.287216425731
sichten	0.264673006458
layer	0.237500573824
hub	0.234286866162
fragen	0.218077591922
visualisierung	0.210999807668
eam	0.202466038294
crud	0.195231169222
benutzer	0.192254699954
chte	0.187784721917
story	0.164648522098
haben	0.144411771584
um	0.137929055383
nnen	0.133596703172
als	0.127472812301
ich	0.127213126833
zu	0.111971812506
auf	0.108955843896
jul	0.106725025609
die	0.0891497965168
