installationshinweis	0.50603021176
span	0.284692793429
dazu	0.25301510588
seriennummer	0.240342749035
artikels	0.218679211922
eines	0.202713930421
einen	0.199735117731
nnen	0.188024494539
beigetragen	0.184343317963
die	0.18265350765
cwt	0.18265350765
connector	0.18265350765
sie	0.181050393307
gmb	0.178071580617
von	0.175352137694
contributed	0.175352137694
mit	0.171670961119
technology	0.138116454799
muted	0.138116454799
wire	0.137335067161
installation	0.135463017978
text	0.0915063479481
class	0.0606519245978
