authentication	0.502235182186
login	0.421332130097
doesn	0.263598170069
work	0.226241224378
certificate	0.224406525557
configuration	0.22082391774
attempts	0.219600630595
client	0.206642398396
known	0.180756543928
page	0.169912883785
issues	0.139180729972
access	0.138293079816
missing	0.136383711461
correctly	0.13487730223
instead	0.128997669693
works	0.123914647523
fix	0.122236276435
message	0.107673158063
check	0.106153997269
feb	0.10069172847
error	0.0946655840199
test	0.0935780719471
improvement	0.0903846583399
iteraplan	0.0902427583342
new	0.0707413167958
po	0.0609683227404
