accountability	0.45060022843
attribute	0.382393021256
routechange	0.374147134454
renaming	0.273563824255
wrongly	0.272001918875
shows	0.269545437083
mar	0.188050262527
excpected	0.187073567227
homescreen	0.148327107946
attributes	0.140131041311
triggers	0.126931648589
displays	0.120371144006
list	0.115906377315
rename	0.112888523924
reload	0.110410424611
internal	0.10457654081
vadm	0.102621366597
navigate	0.101104861289
metamodel	0.0917462706614
cru	0.0792295777208
fisheye	0.0775746152087
single	0.0746981005281
ip	0.072752309495
iteraweb	0.0704603839871
summary	0.0688994899717
review	0.06774820164
reproduce	0.0668015786515
actual	0.0668015786515
speedbird	0.0621321297866
view	0.0613237931337
diagram	0.0592240815566
https	0.0569022322779
iteratec	0.0490850834924
bug	0.0428782254445
open	0.0418433458445
iteraplan	0.0288179294895
pm	0.0246689592699
