messergebnissen	0.450234916782
jobruns	0.450234916782
jobtabelle	0.355220379883
anbieten	0.346089065879
feb	0.32351186876
letzten	0.29319818044
link	0.181176615543
des	0.176445447984
zu	0.156373996667
pm	0.124098588422
monitor	0.12049121104
speed	0.119689856863
task	0.11941803222
open	0.105247653486
