einsatzbereit	0.36462363133
pat	0.33772271435
location	0.325101193639
beantragen	0.321986686682
zeitnah	0.306250659014
anfragen	0.279349742034
agenten	0.258252124663
apr	0.232204144827
beiden	0.214789408022
die	0.192953449079
neuen	0.180983217216
sollten	0.167055336837
sind	0.148889286936
wir	0.135121646939
bei	0.13413775626
sub	0.117876920418
monitor	0.0933687910798
speed	0.0927478207199
task	0.0925371834618
open	0.0815565391465
pm	0.0480820761769
