lastmodification	0.471476727877
prop	0.395685454974
apr	0.35748119124
enabled	0.309234645035
logging	0.304182493002
properties	0.244183191383
property	0.240179421824
thunderduck	0.230732568767
remove	0.226957742892
sub	0.181472996368
iteraplan	0.172945148343
task	0.142462153734
