initialisierung	0.489844746256
zap	0.376362104933
implementieren	0.372079310136
apr	0.371408116372
session	0.310422309442
secure	0.274062781244
box	0.230928476014
sub	0.188542909124
code	0.170954328782
der	0.156908301704
task	0.148012263216
pm	0.0769067811321
