konfigurationsoberfl	0.435821677426
bezogene	0.417012962398
nzen	0.339360545275
authentifizierung	0.305779398887
erg	0.292434403199
zap	0.281247377949
che	0.275053123842
secure	0.204801274113
box	0.172567927327
mar	0.146032355203
sub	0.140894096741
apr	0.138772683952
code	0.127750525594
die	0.115315202605
pm	0.114941596172
task	0.110606409062
