authentifizierung	0.492805920441
bestehende	0.488406963733
testen	0.377641177734
secure	0.330065664214
box	0.278117154309
mar	0.235351398694
sub	0.227070382379
code	0.205887694139
task	0.178257572037
pm	0.092622163731
