authendifizierung	0.5404856348
erweitern	0.355309425302
spider	0.350881993288
zap	0.348789827308
story	0.264118836013
secure	0.253984949304
um	0.221257142766
box	0.214010662109
mar	0.181102488223
apr	0.172099383907
code	0.15843021928
pm	0.142545184854
