reconciliation	0.57881320183
bank	0.511756485448
transaction	0.466839000799
parent	0.430281215395
