tabellendarstellung	0.510362251808
scrollen	0.46864005515
berschriften	0.462903106091
weg	0.375488543986
dashboard	0.232092149696
csi	0.217652095099
feb	0.194404659797
die	0.0748156815095
monitor	0.0724055441318
speed	0.0719239946088
bug	0.0648095899322
open	0.0632453898794
pm	0.0372866441593
