resultsbetween	0.541364152039
erfordern	0.316203633828
keine	0.294186023182
sollte	0.27741771399
csi	0.262784261669
job	0.239937733866
sep	0.237043259692
liefert	0.228254891363
gehen	0.208267897212
groups	0.158838088182
rest	0.136124102772
results	0.131958138042
group	0.131617476847
configuration	0.128687242025
mit	0.110809541368
das	0.107724927026
nicht	0.104692753151
pm	0.0900367464972
monitor	0.0874195005875
speed	0.0868380973358
bug	0.0782484553232
open	0.0763599039827
