classification	0.728697609558
tree	0.594444994787
item	0.340051381407
