internationalisiert	0.462756911863
beschriftungen	0.441194975815
gewichtungs	0.419633039767
oct	0.333487049365
seite	0.247988160521
ssen	0.247289967417
noch	0.193874469167
improvement	0.154170100934
werden	0.14825108872
der	0.13441791121
die	0.132195050015
pm	0.131766755046
monitor	0.127936474476
speed	0.127085603883
open	0.111751003394
