authentifizierung	0.511437115427
konfiguration	0.40506308102
eigenes	0.281450103343
berarbeiten	0.279232724847
formular	0.273252670827
einbauen	0.264967370634
apr	0.232106876522
prozess	0.217668696859
der	0.196115777784
secure	0.171272121748
box	0.144315874922
ein	0.125743225964
den	0.119230903634
sub	0.117827542798
code	0.106835778574
die	0.0964363112755
pm	0.0961238700235
task	0.0924984204373
