authentication	0.408708267207
indicating	0.385808471391
error	0.385184154568
token	0.352796544472
lies	0.200202976131
authorization	0.192904235695
responsible	0.178706304121
message	0.175244233847
party	0.165031501514
sso	0.153821826377
outside	0.153372772955
provided	0.142354576886
ldap	0.136693233977
improve	0.134066318321
fails	0.131876100946
messages	0.126871770459
clear	0.121652769994
necessary	0.114578126904
missing	0.110986152232
displayed	0.100283911131
log	0.0977761076937
example	0.0951328868597
shown	0.0945129747212
configuration	0.0898508945398
problem	0.0855734195787
improvement	0.0735531050044
iteraplan	0.0734376298096
po	0.0496147192105
