documentation	0.43523229719
rest	0.365812126414
access	0.288769709252
user	0.282583710594
excel	0.254833355427
example	0.244104380297
supported	0.177830437566
usage	0.175669933904
included	0.171473151897
guide	0.159706288614
include	0.142606942303
iteraplan	0.141326893151
note	0.139318350727
solution	0.137977870187
attached	0.135278816959
cst	0.127757517762
doc	0.123223177114
pm	0.120979800862
link	0.117748913171
www	0.114038485496
display	0.112760125012
sep	0.106169415891
file	0.104787045641
oct	0.102062154722
add	0.0975643674556
information	0.0964717171641
jun	0.0962627281495
improvement	0.0943660794322
https	0.093018661688
iteratec	0.080239888534
po	0.0636539617701
