migrationscript	0.382018289055
unintentionally	0.36979317166
script	0.337054607213
varchar	0.281426813807
tcr	0.281426813807
jul	0.252928095516
defect	0.25197136119
mysql	0.238924260035
isr	0.220569221554
affected	0.213299799508
int	0.200477549542
migration	0.194581322518
column	0.161421132993
changes	0.152558047137
version	0.13188691254
bug	0.091509841684
po	0.0831028000253
iteraplan	0.0615026423763
pm	0.0526479940317
