responsibility	0.546462074175
enums	0.417209632176
attributes	0.32764795203
elastic	0.310805277689
advantages	0.257506016337
treat	0.221729367227
treated	0.203667796113
importing	0.184524474828
extra	0.163507319016
validation	0.156984525703
wrong	0.137352409887
excel	0.121497500573
thunderduck	0.119860238479
jul	0.0923672315471
jun	0.0917908163858
improvement	0.0899822770113
pm	0.0769064337482
iteraplan	0.0449205043634
