recalculations	0.572918213956
dimentions	0.54819283663
presentation	0.308428994065
groups	0.26656055449
changes	0.2189194366
aug	0.200306844872
sep	0.198901861212
sub	0.185215188786
task	0.145399895449
po	0.119251776638
iteraplan	0.0882557431163
